,State,Strike Level,DM Category,Missed (sum),Missed (ratio),Strike Events,DM Events
0,Arizona,0.7,D0,42774,0.54,40756,79837
1,Arizona,0.75,D0,40150,0.5,43924,79837
2,Arizona,0.8,D0,37660,0.47,46975,79837
3,Arizona,0.85,D0,35320,0.44,49844,79837
4,Arizona,0.9,D0,32999,0.41,52653,79837
5,Arizona,0.7,D1,27990,0.53,40756,52363
6,Arizona,0.75,D1,26270,0.5,43924,52363
7,Arizona,0.8,D1,24660,0.47,46975,52363
8,Arizona,0.85,D1,23071,0.44,49844,52363
9,Arizona,0.9,D1,21502,0.41,52653,52363
10,Arizona,0.7,D2,15438,0.52,40756,29406
11,Arizona,0.75,D2,14425,0.49,43924,29406
12,Arizona,0.8,D2,13481,0.46,46975,29406
13,Arizona,0.85,D2,12599,0.43,49844,29406
14,Arizona,0.9,D2,11687,0.4,52653,29406
15,Arizona,0.7,D3,6046,0.53,40756,11351
16,Arizona,0.75,D3,5626,0.5,43924,11351
17,Arizona,0.8,D3,5242,0.46,46975,11351
18,Arizona,0.85,D3,4894,0.43,49844,11351
19,Arizona,0.9,D3,4528,0.4,52653,11351
20,Arizona,0.7,D4,560,0.46,40756,1211
21,Arizona,0.75,D4,512,0.42,43924,1211
22,Arizona,0.8,D4,473,0.39,46975,1211
23,Arizona,0.85,D4,434,0.36,49844,1211
24,Arizona,0.9,D4,404,0.33,52653,1211
25,Colorado,0.7,D0,38764,0.65,23961,59338
26,Colorado,0.75,D0,36324,0.61,27548,59338
27,Colorado,0.8,D0,33831,0.57,31231,59338
28,Colorado,0.85,D0,31394,0.53,34964,59338
29,Colorado,0.9,D0,29019,0.49,38679,59338
30,Colorado,0.7,D1,19187,0.63,23961,30653
31,Colorado,0.75,D1,17933,0.59,27548,30653
32,Colorado,0.8,D1,16724,0.55,31231,30653
33,Colorado,0.85,D1,15539,0.51,34964,30653
34,Colorado,0.9,D1,14383,0.47,38679,30653
35,Colorado,0.7,D2,11332,0.59,23961,19134
36,Colorado,0.75,D2,10466,0.55,27548,19134
37,Colorado,0.8,D2,9665,0.51,31231,19134
38,Colorado,0.85,D2,8911,0.47,34964,19134
39,Colorado,0.9,D2,8164,0.43,38679,19134
40,Colorado,0.7,D3,4953,0.55,23961,8939
41,Colorado,0.75,D3,4507,0.5,27548,8939
42,Colorado,0.8,D3,4112,0.46,31231,8939
43,Colorado,0.85,D3,3751,0.42,34964,8939
44,Colorado,0.9,D3,3362,0.38,38679,8939
45,Colorado,0.7,D4,628,0.44,23961,1422
46,Colorado,0.75,D4,562,0.4,27548,1422
47,Colorado,0.8,D4,510,0.36,31231,1422
48,Colorado,0.85,D4,472,0.33,34964,1422
49,Colorado,0.9,D4,425,0.3,38679,1422
50,Connecticut,0.7,D0,1239,0.6,1195,2052
51,Connecticut,0.75,D0,1115,0.54,1437,2052
52,Connecticut,0.8,D0,985,0.48,1677,2052
53,Connecticut,0.85,D0,867,0.42,1938,2052
54,Connecticut,0.9,D0,745,0.36,2180,2052
55,Connecticut,0.7,D1,375,0.6,1195,627
56,Connecticut,0.75,D1,319,0.51,1437,627
57,Connecticut,0.8,D1,273,0.44,1677,627
58,Connecticut,0.85,D1,229,0.37,1938,627
59,Connecticut,0.9,D1,185,0.3,2180,627
60,Connecticut,0.7,D2,109,0.53,1195,204
61,Connecticut,0.75,D2,85,0.42,1437,204
62,Connecticut,0.8,D2,68,0.33,1677,204
63,Connecticut,0.85,D2,52,0.25,1938,204
64,Connecticut,0.9,D2,38,0.19,2180,204
65,Connecticut,0.7,D3,17,0.85,1195,20
66,Connecticut,0.75,D3,15,0.75,1437,20
67,Connecticut,0.8,D3,12,0.6,1677,20
68,Connecticut,0.85,D3,8,0.4,1938,20
69,Connecticut,0.9,D3,3,0.15,2180,20
70,Connecticut,0.7,D4,,,1195,
71,Connecticut,0.75,D4,,,1437,
72,Connecticut,0.8,D4,,,1677,
73,Connecticut,0.85,D4,,,1938,
74,Connecticut,0.9,D4,,,2180,
75,District of Columbia,0.7,D0,,,,
76,District of Columbia,0.75,D0,,,,
77,District of Columbia,0.8,D0,,,,
78,District of Columbia,0.85,D0,,,,
79,District of Columbia,0.9,D0,,,,
80,District of Columbia,0.7,D1,,,,
81,District of Columbia,0.75,D1,,,,
82,District of Columbia,0.8,D1,,,,
83,District of Columbia,0.85,D1,,,,
84,District of Columbia,0.9,D1,,,,
85,District of Columbia,0.7,D2,,,,
86,District of Columbia,0.75,D2,,,,
87,District of Columbia,0.8,D2,,,,
88,District of Columbia,0.85,D2,,,,
89,District of Columbia,0.9,D2,,,,
90,District of Columbia,0.7,D3,,,,
91,District of Columbia,0.75,D3,,,,
92,District of Columbia,0.8,D3,,,,
93,District of Columbia,0.85,D3,,,,
94,District of Columbia,0.9,D3,,,,
95,District of Columbia,0.7,D4,,,,
96,District of Columbia,0.75,D4,,,,
97,District of Columbia,0.8,D4,,,,
98,District of Columbia,0.85,D4,,,,
99,District of Columbia,0.9,D4,,,,
100,Georgia,0.7,D0,20026,0.64,12241,31055
101,Georgia,0.75,D0,18178,0.59,14674,31055
102,Georgia,0.8,D0,16187,0.52,17415,31055
103,Georgia,0.85,D0,14289,0.46,20132,31055
104,Georgia,0.9,D0,12603,0.41,22658,31055
105,Georgia,0.7,D1,11041,0.65,12241,17085
106,Georgia,0.75,D1,9925,0.58,14674,17085
107,Georgia,0.8,D1,8703,0.51,17415,17085
108,Georgia,0.85,D1,7604,0.45,20132,17085
109,Georgia,0.9,D1,6630,0.39,22658,17085
110,Georgia,0.7,D2,6631,0.64,12241,10395
111,Georgia,0.75,D2,5865,0.56,14674,10395
112,Georgia,0.8,D2,5043,0.49,17415,10395
113,Georgia,0.85,D2,4283,0.41,20132,10395
114,Georgia,0.9,D2,3603,0.35,22658,10395
115,Georgia,0.7,D3,3138,0.62,12241,5045
116,Georgia,0.75,D3,2763,0.55,14674,5045
117,Georgia,0.8,D3,2334,0.46,17415,5045
118,Georgia,0.85,D3,1955,0.39,20132,5045
119,Georgia,0.9,D3,1596,0.32,22658,5045
120,Georgia,0.7,D4,753,0.59,12241,1272
121,Georgia,0.75,D4,650,0.51,14674,1272
122,Georgia,0.8,D4,556,0.44,17415,1272
123,Georgia,0.85,D4,458,0.36,20132,1272
124,Georgia,0.9,D4,374,0.29,22658,1272
125,Idaho,0.7,D0,36689,0.67,21129,55030
126,Idaho,0.75,D0,34436,0.63,24229,55030
127,Idaho,0.8,D0,32181,0.58,27407,55030
128,Idaho,0.85,D0,30116,0.55,30425,55030
129,Idaho,0.9,D0,27985,0.51,33562,55030
130,Idaho,0.7,D1,22233,0.68,21129,32699
131,Idaho,0.75,D1,20917,0.64,24229,32699
132,Idaho,0.8,D1,19557,0.6,27407,32699
133,Idaho,0.85,D1,18246,0.56,30425,32699
134,Idaho,0.9,D1,16935,0.52,33562,32699
135,Idaho,0.7,D2,12683,0.68,21129,18555
136,Idaho,0.75,D2,11923,0.64,24229,18555
137,Idaho,0.8,D2,11089,0.6,27407,18555
138,Idaho,0.85,D2,10301,0.56,30425,18555
139,Idaho,0.9,D2,9514,0.51,33562,18555
140,Idaho,0.7,D3,4790,0.72,21129,6675
141,Idaho,0.75,D3,4496,0.67,24229,6675
142,Idaho,0.8,D3,4197,0.63,27407,6675
143,Idaho,0.85,D3,3911,0.59,30425,6675
144,Idaho,0.9,D3,3645,0.55,33562,6675
145,Idaho,0.7,D4,855,0.76,21129,1121
146,Idaho,0.75,D4,816,0.73,24229,1121
147,Idaho,0.8,D4,773,0.69,27407,1121
148,Idaho,0.85,D4,733,0.65,30425,1121
149,Idaho,0.9,D4,691,0.62,33562,1121
150,Illinois,0.7,D0,13231,0.64,10045,20796
151,Illinois,0.75,D0,12047,0.58,12380,20796
152,Illinois,0.8,D0,10867,0.52,14822,20796
153,Illinois,0.85,D0,9683,0.47,17298,20796
154,Illinois,0.9,D0,8574,0.41,19852,20796
155,Illinois,0.7,D1,3836,0.61,10045,6264
156,Illinois,0.75,D1,3459,0.55,12380,6264
157,Illinois,0.8,D1,3099,0.49,14822,6264
158,Illinois,0.85,D1,2723,0.43,17298,6264
159,Illinois,0.9,D1,2403,0.38,19852,6264
160,Illinois,0.7,D2,1406,0.57,10045,2470
161,Illinois,0.75,D2,1230,0.5,12380,2470
162,Illinois,0.8,D2,1086,0.44,14822,2470
163,Illinois,0.85,D2,946,0.38,17298,2470
164,Illinois,0.9,D2,819,0.33,19852,2470
165,Illinois,0.7,D3,321,0.43,10045,740
166,Illinois,0.75,D3,254,0.34,12380,740
167,Illinois,0.8,D3,205,0.28,14822,740
168,Illinois,0.85,D3,162,0.22,17298,740
169,Illinois,0.9,D3,132,0.18,19852,740
170,Illinois,0.7,D4,20,0.61,10045,33
171,Illinois,0.75,D4,19,0.58,12380,33
172,Illinois,0.8,D4,17,0.52,14822,33
173,Illinois,0.85,D4,14,0.42,17298,33
174,Illinois,0.9,D4,12,0.36,19852,33
175,Indiana,0.7,D0,8194,0.7,5251,11681
176,Indiana,0.75,D0,7542,0.65,6657,11681
177,Indiana,0.8,D0,6853,0.59,8183,11681
178,Indiana,0.85,D0,6209,0.53,9804,11681
179,Indiana,0.9,D0,5598,0.48,11435,11681
180,Indiana,0.7,D1,1844,0.69,5251,2674
181,Indiana,0.75,D1,1708,0.64,6657,2674
182,Indiana,0.8,D1,1550,0.58,8183,2674
183,Indiana,0.85,D1,1408,0.53,9804,2674
184,Indiana,0.9,D1,1252,0.47,11435,2674
185,Indiana,0.7,D2,645,0.66,5251,981
186,Indiana,0.75,D2,589,0.6,6657,981
187,Indiana,0.8,D2,532,0.54,8183,981
188,Indiana,0.85,D2,472,0.48,9804,981
189,Indiana,0.9,D2,417,0.43,11435,981
190,Indiana,0.7,D3,130,0.64,5251,203
191,Indiana,0.75,D3,118,0.58,6657,203
192,Indiana,0.8,D3,110,0.54,8183,203
193,Indiana,0.85,D3,104,0.51,9804,203
194,Indiana,0.9,D3,98,0.48,11435,203
195,Indiana,0.7,D4,20,0.65,5251,31
196,Indiana,0.75,D4,16,0.52,6657,31
197,Indiana,0.8,D4,15,0.48,8183,31
198,Indiana,0.85,D4,13,0.42,9804,31
199,Indiana,0.9,D4,13,0.42,11435,31
200,Kansas,0.7,D0,29416,0.64,18709,46034
201,Kansas,0.75,D0,27486,0.6,21335,46034
202,Kansas,0.8,D0,25645,0.56,24020,46034
203,Kansas,0.85,D0,23814,0.52,26714,46034
204,Kansas,0.9,D0,22054,0.48,29483,46034
205,Kansas,0.7,D1,13313,0.61,18709,21671
206,Kansas,0.75,D1,12396,0.57,21335,21671
207,Kansas,0.8,D1,11514,0.53,24020,21671
208,Kansas,0.85,D1,10654,0.49,26714,21671
209,Kansas,0.9,D1,9813,0.45,29483,21671
210,Kansas,0.7,D2,6534,0.57,18709,11537
211,Kansas,0.75,D2,6006,0.52,21335,11537
212,Kansas,0.8,D2,5523,0.48,24020,11537
213,Kansas,0.85,D2,5065,0.44,26714,11537
214,Kansas,0.9,D2,4605,0.4,29483,11537
215,Kansas,0.7,D3,2626,0.52,18709,5065
216,Kansas,0.75,D3,2395,0.47,21335,5065
217,Kansas,0.8,D3,2171,0.43,24020,5065
218,Kansas,0.85,D3,1975,0.39,26714,5065
219,Kansas,0.9,D3,1765,0.35,29483,5065
220,Kansas,0.7,D4,756,0.46,18709,1657
221,Kansas,0.75,D4,670,0.4,21335,1657
222,Kansas,0.8,D4,584,0.35,24020,1657
223,Kansas,0.85,D4,509,0.31,26714,1657
224,Kansas,0.9,D4,439,0.26,29483,1657
225,Kentucky,0.7,D0,9435,0.65,6424,14428
226,Kentucky,0.75,D0,8527,0.59,8036,14428
227,Kentucky,0.8,D0,7719,0.54,9700,14428
228,Kentucky,0.85,D0,6952,0.48,11484,14428
229,Kentucky,0.9,D0,6118,0.42,13423,14428
230,Kentucky,0.7,D1,2621,0.65,6424,4013
231,Kentucky,0.75,D1,2357,0.59,8036,4013
232,Kentucky,0.8,D1,2130,0.53,9700,4013
233,Kentucky,0.85,D1,1917,0.48,11484,4013
234,Kentucky,0.9,D1,1677,0.42,13423,4013
235,Kentucky,0.7,D2,1175,0.71,6424,1660
236,Kentucky,0.75,D2,1057,0.64,8036,1660
237,Kentucky,0.8,D2,958,0.58,9700,1660
238,Kentucky,0.85,D2,878,0.53,11484,1660
239,Kentucky,0.9,D2,783,0.47,13423,1660
240,Kentucky,0.7,D3,350,0.69,6424,507
241,Kentucky,0.75,D3,322,0.64,8036,507
242,Kentucky,0.8,D3,287,0.57,9700,507
243,Kentucky,0.85,D3,269,0.53,11484,507
244,Kentucky,0.9,D3,246,0.49,13423,507
245,Kentucky,0.7,D4,25,0.47,6424,53
246,Kentucky,0.75,D4,22,0.42,8036,53
247,Kentucky,0.8,D4,15,0.28,9700,53
248,Kentucky,0.85,D4,14,0.26,11484,53
249,Kentucky,0.9,D4,12,0.23,13423,53
250,Maryland,0.7,D0,2404,0.66,1731,3663
251,Maryland,0.75,D0,2185,0.6,2130,3663
252,Maryland,0.8,D0,1981,0.54,2535,3663
253,Maryland,0.85,D0,1786,0.49,2985,3663
254,Maryland,0.9,D0,1575,0.43,3467,3663
255,Maryland,0.7,D1,679,0.63,1731,1071
256,Maryland,0.75,D1,609,0.57,2130,1071
257,Maryland,0.8,D1,539,0.5,2535,1071
258,Maryland,0.85,D1,481,0.45,2985,1071
259,Maryland,0.9,D1,421,0.39,3467,1071
260,Maryland,0.7,D2,233,0.67,1731,350
261,Maryland,0.75,D2,204,0.58,2130,350
262,Maryland,0.8,D2,175,0.5,2535,350
263,Maryland,0.85,D2,157,0.45,2985,350
264,Maryland,0.9,D2,129,0.37,3467,350
265,Maryland,0.7,D3,79,0.77,1731,103
266,Maryland,0.75,D3,71,0.69,2130,103
267,Maryland,0.8,D3,65,0.63,2535,103
268,Maryland,0.85,D3,59,0.57,2985,103
269,Maryland,0.9,D3,46,0.45,3467,103
270,Maryland,0.7,D4,,,1731,
271,Maryland,0.75,D4,,,2130,
272,Maryland,0.8,D4,,,2535,
273,Maryland,0.85,D4,,,2985,
274,Maryland,0.9,D4,,,3467,
275,Minnesota,0.7,D0,25507,0.59,24457,43368
276,Minnesota,0.75,D0,23409,0.54,27833,43368
277,Minnesota,0.8,D0,21314,0.49,31402,43368
278,Minnesota,0.85,D0,19417,0.45,34898,43368
279,Minnesota,0.9,D0,17622,0.41,38388,43368
280,Minnesota,0.7,D1,9991,0.6,24457,16605
281,Minnesota,0.75,D1,9249,0.56,27833,16605
282,Minnesota,0.8,D1,8567,0.52,31402,16605
283,Minnesota,0.85,D1,7905,0.48,34898,16605
284,Minnesota,0.9,D1,7275,0.44,38388,16605
285,Minnesota,0.7,D2,3416,0.61,24457,5565
286,Minnesota,0.75,D2,3165,0.57,27833,5565
287,Minnesota,0.8,D2,2955,0.53,31402,5565
288,Minnesota,0.85,D2,2748,0.49,34898,5565
289,Minnesota,0.9,D2,2516,0.45,38388,5565
290,Minnesota,0.7,D3,922,0.5,24457,1854
291,Minnesota,0.75,D3,801,0.43,27833,1854
292,Minnesota,0.8,D3,708,0.38,31402,1854
293,Minnesota,0.85,D3,614,0.33,34898,1854
294,Minnesota,0.9,D3,524,0.28,38388,1854
295,Minnesota,0.7,D4,,,24457,
296,Minnesota,0.75,D4,,,27833,
297,Minnesota,0.8,D4,,,31402,
298,Minnesota,0.85,D4,,,34898,
299,Minnesota,0.9,D4,,,38388,
300,Mississippi,0.7,D0,12970,0.64,8799,20352
301,Mississippi,0.75,D0,11788,0.58,10760,20352
302,Mississippi,0.8,D0,10635,0.52,12780,20352
303,Mississippi,0.85,D0,9641,0.47,14744,20352
304,Mississippi,0.9,D0,8673,0.43,16684,20352
305,Mississippi,0.7,D1,3701,0.54,8799,6888
306,Mississippi,0.75,D1,3338,0.48,10760,6888
307,Mississippi,0.8,D1,2994,0.43,12780,6888
308,Mississippi,0.85,D1,2697,0.39,14744,6888
309,Mississippi,0.9,D1,2408,0.35,16684,6888
310,Mississippi,0.7,D2,1412,0.49,8799,2909
311,Mississippi,0.75,D2,1267,0.44,10760,2909
312,Mississippi,0.8,D2,1122,0.39,12780,2909
313,Mississippi,0.85,D2,1006,0.35,14744,2909
314,Mississippi,0.9,D2,915,0.31,16684,2909
315,Mississippi,0.7,D3,531,0.5,8799,1052
316,Mississippi,0.75,D3,477,0.45,10760,1052
317,Mississippi,0.8,D3,426,0.4,12780,1052
318,Mississippi,0.85,D3,385,0.37,14744,1052
319,Mississippi,0.9,D3,360,0.34,16684,1052
320,Mississippi,0.7,D4,53,0.64,8799,83
321,Mississippi,0.75,D4,49,0.59,10760,83
322,Mississippi,0.8,D4,45,0.54,12780,83
323,Mississippi,0.85,D4,42,0.51,14744,83
324,Mississippi,0.9,D4,40,0.48,16684,83
325,Montana,0.7,D0,62850,0.66,35920,95477
326,Montana,0.75,D0,58647,0.61,41768,95477
327,Montana,0.8,D0,54525,0.57,47611,95477
328,Montana,0.85,D0,50616,0.53,53345,95477
329,Montana,0.9,D0,46839,0.49,58982,95477
330,Montana,0.7,D1,33828,0.63,35920,53854
331,Montana,0.75,D1,31520,0.59,41768,53854
332,Montana,0.8,D1,29260,0.54,47611,53854
333,Montana,0.85,D1,27144,0.5,53345,53854
334,Montana,0.9,D1,25046,0.47,58982,53854
335,Montana,0.7,D2,19862,0.61,35920,32745
336,Montana,0.75,D2,18438,0.56,41768,32745
337,Montana,0.8,D2,17025,0.52,47611,32745
338,Montana,0.85,D2,15693,0.48,53345,32745
339,Montana,0.9,D2,14420,0.44,58982,32745
340,Montana,0.7,D3,8041,0.6,35920,13482
341,Montana,0.75,D3,7426,0.55,41768,13482
342,Montana,0.8,D3,6865,0.51,47611,13482
343,Montana,0.85,D3,6296,0.47,53345,13482
344,Montana,0.9,D3,5740,0.43,58982,13482
345,Montana,0.7,D4,986,0.58,35920,1705
346,Montana,0.75,D4,934,0.55,41768,1705
347,Montana,0.8,D4,892,0.52,47611,1705
348,Montana,0.85,D4,833,0.49,53345,1705
349,Montana,0.9,D4,783,0.46,58982,1705
350,Nebraska,0.7,D0,29370,0.65,17724,45415
351,Nebraska,0.75,D0,27432,0.6,20352,45415
352,Nebraska,0.8,D0,25478,0.56,23102,45415
353,Nebraska,0.85,D0,23563,0.52,25842,45415
354,Nebraska,0.9,D0,21706,0.48,28590,45415
355,Nebraska,0.7,D1,14589,0.63,17724,23279
356,Nebraska,0.75,D1,13536,0.58,20352,23279
357,Nebraska,0.8,D1,12456,0.54,23102,23279
358,Nebraska,0.85,D1,11404,0.49,25842,23279
359,Nebraska,0.9,D1,10376,0.45,28590,23279
360,Nebraska,0.7,D2,8945,0.62,17724,14420
361,Nebraska,0.75,D2,8226,0.57,20352,14420
362,Nebraska,0.8,D2,7512,0.52,23102,14420
363,Nebraska,0.85,D2,6845,0.47,25842,14420
364,Nebraska,0.9,D2,6201,0.43,28590,14420
365,Nebraska,0.7,D3,4083,0.58,17724,7034
366,Nebraska,0.75,D3,3748,0.53,20352,7034
367,Nebraska,0.8,D3,3399,0.48,23102,7034
368,Nebraska,0.85,D3,3073,0.44,25842,7034
369,Nebraska,0.9,D3,2756,0.39,28590,7034
370,Nebraska,0.7,D4,932,0.45,17724,2065
371,Nebraska,0.75,D4,838,0.41,20352,2065
372,Nebraska,0.8,D4,751,0.36,23102,2065
373,Nebraska,0.85,D4,661,0.32,25842,2065
374,Nebraska,0.9,D4,573,0.28,28590,2065
375,New Hampshire,0.7,D0,2060,0.71,1367,2919
376,New Hampshire,0.75,D0,1881,0.64,1748,2919
377,New Hampshire,0.8,D0,1675,0.57,2217,2919
378,New Hampshire,0.85,D0,1479,0.51,2652,2919
379,New Hampshire,0.9,D0,1292,0.44,3169,2919
380,New Hampshire,0.7,D1,535,0.76,1367,704
381,New Hampshire,0.75,D1,486,0.69,1748,704
382,New Hampshire,0.8,D1,424,0.6,2217,704
383,New Hampshire,0.85,D1,363,0.52,2652,704
384,New Hampshire,0.9,D1,294,0.42,3169,704
385,New Hampshire,0.7,D2,202,0.75,1367,270
386,New Hampshire,0.75,D2,183,0.68,1748,270
387,New Hampshire,0.8,D2,160,0.59,2217,270
388,New Hampshire,0.85,D2,134,0.5,2652,270
389,New Hampshire,0.9,D2,97,0.36,3169,270
390,New Hampshire,0.7,D3,11,0.85,1367,13
391,New Hampshire,0.75,D3,9,0.69,1748,13
392,New Hampshire,0.8,D3,9,0.69,2217,13
393,New Hampshire,0.85,D3,8,0.62,2652,13
394,New Hampshire,0.9,D3,8,0.62,3169,13
395,New Hampshire,0.7,D4,,,1367,
396,New Hampshire,0.75,D4,,,1748,
397,New Hampshire,0.8,D4,,,2217,
398,New Hampshire,0.85,D4,,,2652,
399,New Hampshire,0.9,D4,,,3169,
400,New Mexico,0.7,D0,42709,0.56,37564,76272
401,New Mexico,0.75,D0,40120,0.53,40971,76272
402,New Mexico,0.8,D0,37561,0.49,44302,76272
403,New Mexico,0.85,D0,35192,0.46,47476,76272
404,New Mexico,0.9,D0,32843,0.43,50639,76272
405,New Mexico,0.7,D1,25221,0.54,37564,46963
406,New Mexico,0.75,D1,23640,0.5,40971,46963
407,New Mexico,0.8,D1,22065,0.47,44302,46963
408,New Mexico,0.85,D1,20621,0.44,47476,46963
409,New Mexico,0.9,D1,19226,0.41,50639,46963
410,New Mexico,0.7,D2,14537,0.51,37564,28532
411,New Mexico,0.75,D2,13552,0.47,40971,28532
412,New Mexico,0.8,D2,12545,0.44,44302,28532
413,New Mexico,0.85,D2,11644,0.41,47476,28532
414,New Mexico,0.9,D2,10802,0.38,50639,28532
415,New Mexico,0.7,D3,6784,0.51,37564,13255
416,New Mexico,0.75,D3,6323,0.48,40971,13255
417,New Mexico,0.8,D3,5808,0.44,44302,13255
418,New Mexico,0.85,D3,5383,0.41,47476,13255
419,New Mexico,0.9,D3,4959,0.37,50639,13255
420,New Mexico,0.7,D4,1597,0.48,37564,3331
421,New Mexico,0.75,D4,1486,0.45,40971,3331
422,New Mexico,0.8,D4,1366,0.41,44302,3331
423,New Mexico,0.85,D4,1268,0.38,47476,3331
424,New Mexico,0.9,D4,1182,0.35,50639,3331
425,North Carolina,0.7,D0,15569,0.65,9579,24134
426,North Carolina,0.75,D0,14116,0.58,11755,24134
427,North Carolina,0.8,D0,12670,0.52,14024,24134
428,North Carolina,0.85,D0,11221,0.46,16305,24134
429,North Carolina,0.9,D0,9769,0.4,18668,24134
430,North Carolina,0.7,D1,5416,0.59,9579,9140
431,North Carolina,0.75,D1,4784,0.52,11755,9140
432,North Carolina,0.8,D1,4204,0.46,14024,9140
433,North Carolina,0.85,D1,3667,0.4,16305,9140
434,North Carolina,0.9,D1,3130,0.34,18668,9140
435,North Carolina,0.7,D2,2395,0.56,9579,4239
436,North Carolina,0.75,D2,2066,0.49,11755,4239
437,North Carolina,0.8,D2,1781,0.42,14024,4239
438,North Carolina,0.85,D2,1514,0.36,16305,4239
439,North Carolina,0.9,D2,1246,0.29,18668,4239
440,North Carolina,0.7,D3,1121,0.57,9579,1950
441,North Carolina,0.75,D3,974,0.5,11755,1950
442,North Carolina,0.8,D3,821,0.42,14024,1950
443,North Carolina,0.85,D3,687,0.35,16305,1950
444,North Carolina,0.9,D3,551,0.28,18668,1950
445,North Carolina,0.7,D4,359,0.64,9579,563
446,North Carolina,0.75,D4,298,0.53,11755,563
447,North Carolina,0.8,D4,230,0.41,14024,563
448,North Carolina,0.85,D4,166,0.29,16305,563
449,North Carolina,0.9,D4,114,0.2,18668,563
450,Oklahoma,0.7,D0,23352,0.59,17606,39497
451,Oklahoma,0.75,D0,21506,0.54,20058,39497
452,Oklahoma,0.8,D0,19830,0.5,22355,39497
453,Oklahoma,0.85,D0,18125,0.46,24758,39497
454,Oklahoma,0.9,D0,16540,0.42,27063,39497
455,Oklahoma,0.7,D1,11091,0.56,17606,19783
456,Oklahoma,0.75,D1,10280,0.52,20058,19783
457,Oklahoma,0.8,D1,9538,0.48,22355,19783
458,Oklahoma,0.85,D1,8792,0.44,24758,19783
459,Oklahoma,0.9,D1,8055,0.41,27063,19783
460,Oklahoma,0.7,D2,6367,0.56,17606,11445
461,Oklahoma,0.75,D2,5859,0.51,20058,11445
462,Oklahoma,0.8,D2,5423,0.47,22355,11445
463,Oklahoma,0.85,D2,4982,0.44,24758,11445
464,Oklahoma,0.9,D2,4559,0.4,27063,11445
465,Oklahoma,0.7,D3,3047,0.52,17606,5903
466,Oklahoma,0.75,D3,2767,0.47,20058,5903
467,Oklahoma,0.8,D3,2540,0.43,22355,5903
468,Oklahoma,0.85,D3,2292,0.39,24758,5903
469,Oklahoma,0.9,D3,2070,0.35,27063,5903
470,Oklahoma,0.7,D4,919,0.44,17606,2068
471,Oklahoma,0.75,D4,806,0.39,20058,2068
472,Oklahoma,0.8,D4,740,0.36,22355,2068
473,Oklahoma,0.85,D4,655,0.32,24758,2068
474,Oklahoma,0.9,D4,609,0.29,27063,2068
475,Pennsylvania,0.7,D0,11098,0.7,6576,15789
476,Pennsylvania,0.75,D0,9907,0.63,8811,15789
477,Pennsylvania,0.8,D0,8812,0.56,11160,15789
478,Pennsylvania,0.85,D0,7692,0.49,13714,15789
479,Pennsylvania,0.9,D0,6631,0.42,16216,15789
480,Pennsylvania,0.7,D1,1298,0.76,6576,1706
481,Pennsylvania,0.75,D1,1179,0.69,8811,1706
482,Pennsylvania,0.8,D1,1069,0.63,11160,1706
483,Pennsylvania,0.85,D1,951,0.56,13714,1706
484,Pennsylvania,0.9,D1,852,0.5,16216,1706
485,Pennsylvania,0.7,D2,235,0.77,6576,304
486,Pennsylvania,0.75,D2,210,0.69,8811,304
487,Pennsylvania,0.8,D2,186,0.61,11160,304
488,Pennsylvania,0.85,D2,161,0.53,13714,304
489,Pennsylvania,0.9,D2,144,0.47,16216,304
490,Pennsylvania,0.7,D3,47,0.7,6576,67
491,Pennsylvania,0.75,D3,42,0.63,8811,67
492,Pennsylvania,0.8,D3,41,0.61,11160,67
493,Pennsylvania,0.85,D3,34,0.51,13714,67
494,Pennsylvania,0.9,D3,28,0.42,16216,67
495,Pennsylvania,0.7,D4,,,6576,
496,Pennsylvania,0.75,D4,,,8811,
497,Pennsylvania,0.8,D4,,,11160,
498,Pennsylvania,0.85,D4,,,13714,
499,Pennsylvania,0.9,D4,,,16216,
500,South Carolina,0.7,D0,11589,0.65,6723,17814
501,South Carolina,0.75,D0,10552,0.59,8085,17814
502,South Carolina,0.8,D0,9594,0.54,9449,17814
503,South Carolina,0.85,D0,8612,0.48,10847,17814
504,South Carolina,0.9,D0,7651,0.43,12262,17814
505,South Carolina,0.7,D1,4958,0.64,6723,7806
506,South Carolina,0.75,D1,4458,0.57,8085,7806
507,South Carolina,0.8,D1,4021,0.52,9449,7806
508,South Carolina,0.85,D1,3556,0.46,10847,7806
509,South Carolina,0.9,D1,3119,0.4,12262,7806
510,South Carolina,0.7,D2,2473,0.61,6723,4080
511,South Carolina,0.75,D2,2188,0.54,8085,4080
512,South Carolina,0.8,D2,1961,0.48,9449,4080
513,South Carolina,0.85,D2,1705,0.42,10847,4080
514,South Carolina,0.9,D2,1474,0.36,12262,4080
515,South Carolina,0.7,D3,1140,0.58,6723,1953
516,South Carolina,0.75,D3,964,0.49,8085,1953
517,South Carolina,0.8,D3,840,0.43,9449,1953
518,South Carolina,0.85,D3,708,0.36,10847,1953
519,South Carolina,0.9,D3,588,0.3,12262,1953
520,South Carolina,0.7,D4,208,0.62,6723,336
521,South Carolina,0.75,D4,183,0.54,8085,336
522,South Carolina,0.8,D4,157,0.47,9449,336
523,South Carolina,0.85,D4,120,0.36,10847,336
524,South Carolina,0.9,D4,96,0.29,12262,336
525,South Dakota,0.7,D0,26395,0.59,21897,44916
526,South Dakota,0.75,D0,24471,0.54,24778,44916
527,South Dakota,0.8,D0,22684,0.51,27586,44916
528,South Dakota,0.85,D0,20835,0.46,30473,44916
529,South Dakota,0.9,D0,19075,0.42,33364,44916
530,South Dakota,0.7,D1,11272,0.56,21897,20235
531,South Dakota,0.75,D1,10390,0.51,24778,20235
532,South Dakota,0.8,D1,9584,0.47,27586,20235
533,South Dakota,0.85,D1,8715,0.43,30473,20235
534,South Dakota,0.9,D1,7932,0.39,33364,20235
535,South Dakota,0.7,D2,5526,0.52,21897,10527
536,South Dakota,0.75,D2,5110,0.49,24778,10527
537,South Dakota,0.8,D2,4692,0.45,27586,10527
538,South Dakota,0.85,D2,4270,0.41,30473,10527
539,South Dakota,0.9,D2,3865,0.37,33364,10527
540,South Dakota,0.7,D3,1865,0.53,21897,3522
541,South Dakota,0.75,D3,1730,0.49,24778,3522
542,South Dakota,0.8,D3,1594,0.45,27586,3522
543,South Dakota,0.85,D3,1444,0.41,30473,3522
544,South Dakota,0.9,D3,1322,0.38,33364,3522
545,South Dakota,0.7,D4,296,0.39,21897,753
546,South Dakota,0.75,D4,262,0.35,24778,753
547,South Dakota,0.8,D4,230,0.31,27586,753
548,South Dakota,0.85,D4,197,0.26,30473,753
549,South Dakota,0.9,D4,165,0.22,33364,753
550,Utah,0.7,D0,32849,0.63,24034,52391
551,Utah,0.75,D0,30888,0.59,26874,52391
552,Utah,0.8,D0,28957,0.55,29715,52391
553,Utah,0.85,D0,27067,0.52,32468,52391
554,Utah,0.9,D0,25120,0.48,35230,52391
555,Utah,0.7,D1,20573,0.64,24034,32022
556,Utah,0.75,D1,19312,0.6,26874,32022
557,Utah,0.8,D1,18111,0.57,29715,32022
558,Utah,0.85,D1,16956,0.53,32468,32022
559,Utah,0.9,D1,15737,0.49,35230,32022
560,Utah,0.7,D2,11735,0.65,24034,18090
561,Utah,0.75,D2,11004,0.61,26874,18090
562,Utah,0.8,D2,10285,0.57,29715,18090
563,Utah,0.85,D2,9587,0.53,32468,18090
564,Utah,0.9,D2,8842,0.49,35230,18090
565,Utah,0.7,D3,5155,0.64,24034,8064
566,Utah,0.75,D3,4801,0.6,26874,8064
567,Utah,0.8,D3,4444,0.55,29715,8064
568,Utah,0.85,D3,4110,0.51,32468,8064
569,Utah,0.9,D3,3726,0.46,35230,8064
570,Utah,0.7,D4,448,0.56,24034,798
571,Utah,0.75,D4,413,0.52,26874,798
572,Utah,0.8,D4,381,0.48,29715,798
573,Utah,0.85,D4,338,0.42,32468,798
574,Utah,0.9,D4,309,0.39,35230,798
575,Vermont,0.7,D0,2180,0.73,1352,2978
576,Vermont,0.75,D0,1986,0.67,1793,2978
577,Vermont,0.8,D0,1795,0.6,2236,2978
578,Vermont,0.85,D0,1608,0.54,2725,2978
579,Vermont,0.9,D0,1433,0.48,3212,2978
580,Vermont,0.7,D1,324,0.74,1352,437
581,Vermont,0.75,D1,291,0.67,1793,437
582,Vermont,0.8,D1,251,0.57,2236,437
583,Vermont,0.85,D1,217,0.5,2725,437
584,Vermont,0.9,D1,187,0.43,3212,437
585,Vermont,0.7,D2,25,0.71,1352,35
586,Vermont,0.75,D2,23,0.66,1793,35
587,Vermont,0.8,D2,18,0.51,2236,35
588,Vermont,0.85,D2,16,0.46,2725,35
589,Vermont,0.9,D2,9,0.26,3212,35
590,Vermont,0.7,D3,,,1352,
591,Vermont,0.75,D3,,,1793,
592,Vermont,0.8,D3,,,2236,
593,Vermont,0.85,D3,,,2725,
594,Vermont,0.9,D3,,,3212,
595,Vermont,0.7,D4,,,1352,
596,Vermont,0.75,D4,,,1793,
597,Vermont,0.8,D4,,,2236,
598,Vermont,0.85,D4,,,2725,
599,Vermont,0.9,D4,,,3212,
600,Wisconsin,0.7,D0,17254,0.7,9537,24751
601,Wisconsin,0.75,D0,15868,0.64,11657,24751
602,Wisconsin,0.8,D0,14506,0.59,13948,24751
603,Wisconsin,0.85,D0,13084,0.53,16533,24751
604,Wisconsin,0.9,D0,11688,0.47,19290,24751
605,Wisconsin,0.7,D1,5779,0.68,9537,8479
606,Wisconsin,0.75,D1,5223,0.62,11657,8479
607,Wisconsin,0.8,D1,4721,0.56,13948,8479
608,Wisconsin,0.85,D1,4271,0.5,16533,8479
609,Wisconsin,0.9,D1,3816,0.45,19290,8479
610,Wisconsin,0.7,D2,1709,0.7,9537,2456
611,Wisconsin,0.75,D2,1541,0.63,11657,2456
612,Wisconsin,0.8,D2,1390,0.57,13948,2456
613,Wisconsin,0.85,D2,1239,0.5,16533,2456
614,Wisconsin,0.9,D2,1108,0.45,19290,2456
615,Wisconsin,0.7,D3,143,0.7,9537,203
616,Wisconsin,0.75,D3,129,0.64,11657,203
617,Wisconsin,0.8,D3,124,0.61,13948,203
618,Wisconsin,0.85,D3,114,0.56,16533,203
619,Wisconsin,0.9,D3,104,0.51,19290,203
620,Wisconsin,0.7,D4,,,9537,
621,Wisconsin,0.75,D4,,,11657,
622,Wisconsin,0.8,D4,,,13948,
623,Wisconsin,0.85,D4,,,16533,
624,Wisconsin,0.9,D4,,,19290,
625,Wyoming,0.7,D0,43006,0.7,22451,61600
626,Wyoming,0.75,D0,40558,0.66,25898,61600
627,Wyoming,0.8,D0,38114,0.62,29366,61600
628,Wyoming,0.85,D0,35651,0.58,32869,61600
629,Wyoming,0.9,D0,33207,0.54,36404,61600
630,Wyoming,0.7,D1,27020,0.7,22451,38708
631,Wyoming,0.75,D1,25487,0.66,25898,38708
632,Wyoming,0.8,D1,23925,0.62,29366,38708
633,Wyoming,0.85,D1,22366,0.58,32869,38708
634,Wyoming,0.9,D1,20771,0.54,36404,38708
635,Wyoming,0.7,D2,18430,0.69,22451,26608
636,Wyoming,0.75,D2,17367,0.65,25898,26608
637,Wyoming,0.8,D2,16269,0.61,29366,26608
638,Wyoming,0.85,D2,15187,0.57,32869,26608
639,Wyoming,0.9,D2,14082,0.53,36404,26608
640,Wyoming,0.7,D3,8442,0.67,22451,12606
641,Wyoming,0.75,D3,7929,0.63,25898,12606
642,Wyoming,0.8,D3,7381,0.59,29366,12606
643,Wyoming,0.85,D3,6819,0.54,32869,12606
644,Wyoming,0.9,D3,6271,0.5,36404,12606
645,Wyoming,0.7,D4,1163,0.62,22451,1878
646,Wyoming,0.75,D4,1074,0.57,25898,1878
647,Wyoming,0.8,D4,980,0.52,29366,1878
648,Wyoming,0.85,D4,895,0.48,32869,1878
649,Wyoming,0.9,D4,818,0.44,36404,1878
650,Oregon,0.7,D0,34724,0.6,31474,58177
651,Oregon,0.75,D0,32134,0.55,35457,58177
652,Oregon,0.8,D0,29511,0.51,39501,58177
653,Oregon,0.85,D0,26995,0.46,43411,58177
654,Oregon,0.9,D0,24632,0.42,47268,58177
655,Oregon,0.7,D1,19922,0.62,31474,31887
656,Oregon,0.75,D1,18468,0.58,35457,31887
657,Oregon,0.8,D1,16965,0.53,39501,31887
658,Oregon,0.85,D1,15512,0.49,43411,31887
659,Oregon,0.9,D1,14204,0.45,47268,31887
660,Oregon,0.7,D2,11317,0.66,31474,17187
661,Oregon,0.75,D2,10540,0.61,35457,17187
662,Oregon,0.8,D2,9722,0.57,39501,17187
663,Oregon,0.85,D2,8919,0.52,43411,17187
664,Oregon,0.9,D2,8171,0.48,47268,17187
665,Oregon,0.7,D3,3797,0.7,31474,5389
666,Oregon,0.75,D3,3558,0.66,35457,5389
667,Oregon,0.8,D3,3280,0.61,39501,5389
668,Oregon,0.85,D3,3022,0.56,43411,5389
669,Oregon,0.9,D3,2772,0.51,47268,5389
670,Oregon,0.7,D4,64,0.66,31474,97
671,Oregon,0.75,D4,63,0.65,35457,97
672,Oregon,0.8,D4,59,0.61,39501,97
673,Oregon,0.85,D4,55,0.57,43411,97
674,Oregon,0.9,D4,53,0.55,47268,97
675,West Virginia,0.7,D0,6620,0.73,3199,9087
676,West Virginia,0.75,D0,6116,0.67,4103,9087
677,West Virginia,0.8,D0,5493,0.6,5229,9087
678,West Virginia,0.85,D0,4849,0.53,6488,9087
679,West Virginia,0.9,D0,4188,0.46,7877,9087
680,West Virginia,0.7,D1,728,0.75,3199,969
681,West Virginia,0.75,D1,669,0.69,4103,969
682,West Virginia,0.8,D1,594,0.61,5229,969
683,West Virginia,0.85,D1,512,0.53,6488,969
684,West Virginia,0.9,D1,456,0.47,7877,969
685,West Virginia,0.7,D2,199,0.86,3199,232
686,West Virginia,0.75,D2,180,0.78,4103,232
687,West Virginia,0.8,D2,165,0.71,5229,232
688,West Virginia,0.85,D2,149,0.64,6488,232
689,West Virginia,0.9,D2,137,0.59,7877,232
690,West Virginia,0.7,D3,10,0.71,3199,14
691,West Virginia,0.75,D3,10,0.71,4103,14
692,West Virginia,0.8,D3,10,0.71,5229,14
693,West Virginia,0.85,D3,10,0.71,6488,14
694,West Virginia,0.9,D3,10,0.71,7877,14
695,West Virginia,0.7,D4,,,3199,
696,West Virginia,0.75,D4,,,4103,
697,West Virginia,0.8,D4,,,5229,
698,West Virginia,0.85,D4,,,6488,
699,West Virginia,0.9,D4,,,7877,
700,Alabama,0.7,D0,15767,0.63,10517,25019
701,Alabama,0.75,D0,14142,0.57,12786,25019
702,Alabama,0.8,D0,12544,0.5,15139,25019
703,Alabama,0.85,D0,11105,0.44,17456,25019
704,Alabama,0.9,D0,9714,0.39,19738,25019
705,Alabama,0.7,D1,6337,0.59,10517,10831
706,Alabama,0.75,D1,5625,0.52,12786,10831
707,Alabama,0.8,D1,4886,0.45,15139,10831
708,Alabama,0.85,D1,4248,0.39,17456,10831
709,Alabama,0.9,D1,3657,0.34,19738,10831
710,Alabama,0.7,D2,3487,0.58,10517,6039
711,Alabama,0.75,D2,3064,0.51,12786,6039
712,Alabama,0.8,D2,2629,0.44,15139,6039
713,Alabama,0.85,D2,2239,0.37,17456,6039
714,Alabama,0.9,D2,1871,0.31,19738,6039
715,Alabama,0.7,D3,1616,0.51,10517,3148
716,Alabama,0.75,D3,1380,0.44,12786,3148
717,Alabama,0.8,D3,1167,0.37,15139,3148
718,Alabama,0.85,D3,981,0.31,17456,3148
719,Alabama,0.9,D3,795,0.25,19738,3148
720,Alabama,0.7,D4,657,0.49,10517,1336
721,Alabama,0.75,D4,559,0.42,12786,1336
722,Alabama,0.8,D4,463,0.35,15139,1336
723,Alabama,0.85,D4,379,0.28,17456,1336
724,Alabama,0.9,D4,303,0.23,19738,1336
725,Arkansas,0.7,D0,15639,0.6,11799,25868
726,Arkansas,0.75,D0,14248,0.55,13955,25868
727,Arkansas,0.8,D0,12842,0.5,16188,25868
728,Arkansas,0.85,D0,11534,0.45,18401,25868
729,Arkansas,0.9,D0,10241,0.4,20678,25868
730,Arkansas,0.7,D1,5465,0.56,11799,9812
731,Arkansas,0.75,D1,4987,0.51,13955,9812
732,Arkansas,0.8,D1,4501,0.46,16188,9812
733,Arkansas,0.85,D1,4055,0.41,18401,9812
734,Arkansas,0.9,D1,3606,0.37,20678,9812
735,Arkansas,0.7,D2,2333,0.56,11799,4192
736,Arkansas,0.75,D2,2114,0.5,13955,4192
737,Arkansas,0.8,D2,1894,0.45,16188,4192
738,Arkansas,0.85,D2,1706,0.41,18401,4192
739,Arkansas,0.9,D2,1514,0.36,20678,4192
740,Arkansas,0.7,D3,739,0.53,11799,1405
741,Arkansas,0.75,D3,659,0.47,13955,1405
742,Arkansas,0.8,D3,582,0.41,16188,1405
743,Arkansas,0.85,D3,512,0.36,18401,1405
744,Arkansas,0.9,D3,446,0.32,20678,1405
745,Arkansas,0.7,D4,171,0.73,11799,234
746,Arkansas,0.75,D4,155,0.66,13955,234
747,Arkansas,0.8,D4,137,0.59,16188,234
748,Arkansas,0.85,D4,121,0.52,18401,234
749,Arkansas,0.9,D4,103,0.44,20678,234
750,California,0.7,D0,39189,0.45,65664,87930
751,California,0.75,D0,36803,0.42,69218,87930
752,California,0.8,D0,34438,0.39,72715,87930
753,California,0.85,D0,32248,0.37,76038,87930
754,California,0.9,D0,30168,0.34,79187,87930
755,California,0.7,D1,26485,0.45,65664,58606
756,California,0.75,D1,24804,0.42,69218,58606
757,California,0.8,D1,23142,0.39,72715,58606
758,California,0.85,D1,21583,0.37,76038,58606
759,California,0.9,D1,20151,0.34,79187,58606
760,California,0.7,D2,17386,0.45,65664,38282
761,California,0.75,D2,16312,0.43,69218,38282
762,California,0.8,D2,15245,0.4,72715,38282
763,California,0.85,D2,14235,0.37,76038,38282
764,California,0.9,D2,13286,0.35,79187,38282
765,California,0.7,D3,8434,0.47,65664,18130
766,California,0.75,D3,7889,0.44,69218,18130
767,California,0.8,D3,7344,0.41,72715,18130
768,California,0.85,D3,6798,0.37,76038,18130
769,California,0.9,D3,6312,0.35,79187,18130
770,California,0.7,D4,4059,0.51,65664,8031
771,California,0.75,D4,3784,0.47,69218,8031
772,California,0.8,D4,3497,0.44,72715,8031
773,California,0.85,D4,3209,0.4,76038,8031
774,California,0.9,D4,2950,0.37,79187,8031
775,Delaware,0.7,D0,400,0.59,341,673
776,Delaware,0.75,D0,357,0.53,411,673
777,Delaware,0.8,D0,328,0.49,476,673
778,Delaware,0.85,D0,290,0.43,547,673
779,Delaware,0.9,D0,259,0.38,631,673
780,Delaware,0.7,D1,142,0.59,341,242
781,Delaware,0.75,D1,121,0.5,411,242
782,Delaware,0.8,D1,111,0.46,476,242
783,Delaware,0.85,D1,101,0.42,547,242
784,Delaware,0.9,D1,93,0.38,631,242
785,Delaware,0.7,D2,56,0.74,341,76
786,Delaware,0.75,D2,50,0.66,411,76
787,Delaware,0.8,D2,50,0.66,476,76
788,Delaware,0.85,D2,46,0.61,547,76
789,Delaware,0.9,D2,42,0.55,631,76
790,Delaware,0.7,D3,13,0.81,341,16
791,Delaware,0.75,D3,12,0.75,411,16
792,Delaware,0.8,D3,12,0.75,476,16
793,Delaware,0.85,D3,12,0.75,547,16
794,Delaware,0.9,D3,11,0.69,631,16
795,Delaware,0.7,D4,,,341,
796,Delaware,0.75,D4,,,411,
797,Delaware,0.8,D4,,,476,
798,Delaware,0.85,D4,,,547,
799,Delaware,0.9,D4,,,631,
800,Florida,0.7,D0,13192,0.57,13617,23195
801,Florida,0.75,D0,12046,0.52,15612,23195
802,Florida,0.8,D0,10916,0.47,17669,23195
803,Florida,0.85,D0,9793,0.42,19817,23195
804,Florida,0.9,D0,8698,0.37,21923,23195
805,Florida,0.7,D1,5369,0.53,13617,10068
806,Florida,0.75,D1,4872,0.48,15612,10068
807,Florida,0.8,D1,4365,0.43,17669,10068
808,Florida,0.85,D1,3890,0.39,19817,10068
809,Florida,0.9,D1,3434,0.34,21923,10068
810,Florida,0.7,D2,2873,0.54,13617,5362
811,Florida,0.75,D2,2604,0.49,15612,5362
812,Florida,0.8,D2,2317,0.43,17669,5362
813,Florida,0.85,D2,2064,0.38,19817,5362
814,Florida,0.9,D2,1826,0.34,21923,5362
815,Florida,0.7,D3,1176,0.56,13617,2107
816,Florida,0.75,D3,1074,0.51,15612,2107
817,Florida,0.8,D3,958,0.45,17669,2107
818,Florida,0.85,D3,862,0.41,19817,2107
819,Florida,0.9,D3,773,0.37,21923,2107
820,Florida,0.7,D4,242,0.6,13617,401
821,Florida,0.75,D4,220,0.55,15612,401
822,Florida,0.8,D4,203,0.51,17669,401
823,Florida,0.85,D4,192,0.48,19817,401
824,Florida,0.9,D4,178,0.44,21923,401
825,Iowa,0.7,D0,15194,0.61,11644,24890
826,Iowa,0.75,D0,13909,0.56,13886,24890
827,Iowa,0.8,D0,12660,0.51,16217,24890
828,Iowa,0.85,D0,11433,0.46,18644,24890
829,Iowa,0.9,D0,10257,0.41,21224,24890
830,Iowa,0.7,D1,5505,0.56,11644,9890
831,Iowa,0.75,D1,4989,0.5,13886,9890
832,Iowa,0.8,D1,4499,0.45,16217,9890
833,Iowa,0.85,D1,4023,0.41,18644,9890
834,Iowa,0.9,D1,3596,0.36,21224,9890
835,Iowa,0.7,D2,2363,0.51,11644,4631
836,Iowa,0.75,D2,2086,0.45,13886,4631
837,Iowa,0.8,D2,1836,0.4,16217,4631
838,Iowa,0.85,D2,1593,0.34,18644,4631
839,Iowa,0.9,D2,1375,0.3,21224,4631
840,Iowa,0.7,D3,546,0.45,11644,1207
841,Iowa,0.75,D3,458,0.38,13886,1207
842,Iowa,0.8,D3,382,0.32,16217,1207
843,Iowa,0.85,D3,299,0.25,18644,1207
844,Iowa,0.9,D3,237,0.2,21224,1207
845,Iowa,0.7,D4,10,0.42,11644,24
846,Iowa,0.75,D4,9,0.38,13886,24
847,Iowa,0.8,D4,6,0.25,16217,24
848,Iowa,0.85,D4,6,0.25,18644,24
849,Iowa,0.9,D4,5,0.21,21224,24
850,Louisiana,0.7,D0,13634,0.61,10226,22522
851,Louisiana,0.75,D0,12456,0.55,11936,22522
852,Louisiana,0.8,D0,11227,0.5,13831,22522
853,Louisiana,0.85,D0,10160,0.45,15563,22522
854,Louisiana,0.9,D0,9163,0.41,17248,22522
855,Louisiana,0.7,D1,4273,0.53,10226,8056
856,Louisiana,0.75,D1,3870,0.48,11936,8056
857,Louisiana,0.8,D1,3491,0.43,13831,8056
858,Louisiana,0.85,D1,3139,0.39,15563,8056
859,Louisiana,0.9,D1,2797,0.35,17248,8056
860,Louisiana,0.7,D2,1925,0.48,10226,4004
861,Louisiana,0.75,D2,1725,0.43,11936,4004
862,Louisiana,0.8,D2,1529,0.38,13831,4004
863,Louisiana,0.85,D2,1366,0.34,15563,4004
864,Louisiana,0.9,D2,1220,0.3,17248,4004
865,Louisiana,0.7,D3,822,0.45,10226,1837
866,Louisiana,0.75,D3,711,0.39,11936,1837
867,Louisiana,0.8,D3,619,0.34,13831,1837
868,Louisiana,0.85,D3,550,0.3,15563,1837
869,Louisiana,0.9,D3,480,0.26,17248,1837
870,Louisiana,0.7,D4,204,0.43,10226,479
871,Louisiana,0.75,D4,177,0.37,11936,479
872,Louisiana,0.8,D4,145,0.3,13831,479
873,Louisiana,0.85,D4,132,0.28,15563,479
874,Louisiana,0.9,D4,116,0.24,17248,479
875,Maine,0.7,D0,7360,0.7,4769,10474
876,Maine,0.75,D0,6792,0.65,6068,10474
877,Maine,0.8,D0,6129,0.59,7602,10474
878,Maine,0.85,D0,5507,0.53,9149,10474
879,Maine,0.9,D0,4833,0.46,10791,10474
880,Maine,0.7,D1,1857,0.66,4769,2828
881,Maine,0.75,D1,1712,0.61,6068,2828
882,Maine,0.8,D1,1551,0.55,7602,2828
883,Maine,0.85,D1,1377,0.49,9149,2828
884,Maine,0.9,D1,1187,0.42,10791,2828
885,Maine,0.7,D2,743,0.7,4769,1058
886,Maine,0.75,D2,704,0.67,6068,1058
887,Maine,0.8,D2,654,0.62,7602,1058
888,Maine,0.85,D2,593,0.56,9149,1058
889,Maine,0.9,D2,530,0.5,10791,1058
890,Maine,0.7,D3,118,1,4769,118
891,Maine,0.75,D3,116,0.98,6068,118
892,Maine,0.8,D3,115,0.97,7602,118
893,Maine,0.85,D3,107,0.91,9149,118
894,Maine,0.9,D3,105,0.89,10791,118
895,Maine,0.7,D4,,,4769,
896,Maine,0.75,D4,,,6068,
897,Maine,0.8,D4,,,7602,
898,Maine,0.85,D4,,,9149,
899,Maine,0.9,D4,,,10791,
900,Massachusetts,0.7,D0,2123,0.67,1507,3189
901,Massachusetts,0.75,D0,1923,0.6,1891,3189
902,Massachusetts,0.8,D0,1746,0.55,2280,3189
903,Massachusetts,0.85,D0,1566,0.49,2727,3189
904,Massachusetts,0.9,D0,1384,0.43,3206,3189
905,Massachusetts,0.7,D1,604,0.68,1507,887
906,Massachusetts,0.75,D1,536,0.6,1891,887
907,Massachusetts,0.8,D1,461,0.52,2280,887
908,Massachusetts,0.85,D1,380,0.43,2727,887
909,Massachusetts,0.9,D1,318,0.36,3206,887
910,Massachusetts,0.7,D2,203,0.71,1507,286
911,Massachusetts,0.75,D2,179,0.63,1891,286
912,Massachusetts,0.8,D2,142,0.5,2280,286
913,Massachusetts,0.85,D2,109,0.38,2727,286
914,Massachusetts,0.9,D2,83,0.29,3206,286
915,Massachusetts,0.7,D3,50,0.81,1507,62
916,Massachusetts,0.75,D3,45,0.73,1891,62
917,Massachusetts,0.8,D3,36,0.58,2280,62
918,Massachusetts,0.85,D3,31,0.5,2727,62
919,Massachusetts,0.9,D3,27,0.44,3206,62
920,Massachusetts,0.7,D4,,,1507,
921,Massachusetts,0.75,D4,,,1891,
922,Massachusetts,0.8,D4,,,2280,
923,Massachusetts,0.85,D4,,,2727,
924,Massachusetts,0.9,D4,,,3206,
925,Michigan,0.7,D0,16644,0.71,9446,23488
926,Michigan,0.75,D0,15226,0.65,11982,23488
927,Michigan,0.8,D0,13835,0.59,14644,23488
928,Michigan,0.85,D0,12527,0.53,17394,23488
929,Michigan,0.9,D0,11320,0.48,20116,23488
930,Michigan,0.7,D1,3514,0.67,9446,5236
931,Michigan,0.75,D1,3177,0.61,11982,5236
932,Michigan,0.8,D1,2843,0.54,14644,5236
933,Michigan,0.85,D1,2561,0.49,17394,5236
934,Michigan,0.9,D1,2331,0.45,20116,5236
935,Michigan,0.7,D2,757,0.68,9446,1116
936,Michigan,0.75,D2,691,0.62,11982,1116
937,Michigan,0.8,D2,608,0.54,14644,1116
938,Michigan,0.85,D2,533,0.48,17394,1116
939,Michigan,0.9,D2,479,0.43,20116,1116
940,Michigan,0.7,D3,82,0.96,9446,85
941,Michigan,0.75,D3,80,0.94,11982,85
942,Michigan,0.8,D3,79,0.93,14644,85
943,Michigan,0.85,D3,77,0.91,17394,85
944,Michigan,0.9,D3,75,0.88,20116,85
945,Michigan,0.7,D4,,,9446,
946,Michigan,0.75,D4,,,11982,
947,Michigan,0.8,D4,,,14644,
948,Michigan,0.85,D4,,,17394,
949,Michigan,0.9,D4,,,20116,
950,Missouri,0.7,D0,19087,0.64,12776,29601
951,Missouri,0.75,D0,17566,0.59,15239,29601
952,Missouri,0.8,D0,16086,0.54,17774,29601
953,Missouri,0.85,D0,14518,0.49,20504,29601
954,Missouri,0.9,D0,12956,0.44,23389,29601
955,Missouri,0.7,D1,6144,0.61,12776,10145
956,Missouri,0.75,D1,5609,0.55,15239,10145
957,Missouri,0.8,D1,5131,0.51,17774,10145
958,Missouri,0.85,D1,4667,0.46,20504,10145
959,Missouri,0.9,D1,4176,0.41,23389,10145
960,Missouri,0.7,D2,1840,0.53,12776,3443
961,Missouri,0.75,D2,1683,0.49,15239,3443
962,Missouri,0.8,D2,1541,0.45,17774,3443
963,Missouri,0.85,D2,1409,0.41,20504,3443
964,Missouri,0.9,D2,1272,0.37,23389,3443
965,Missouri,0.7,D3,431,0.45,12776,955
966,Missouri,0.75,D3,391,0.41,15239,955
967,Missouri,0.8,D3,349,0.37,17774,955
968,Missouri,0.85,D3,316,0.33,20504,955
969,Missouri,0.9,D3,279,0.29,23389,955
970,Missouri,0.7,D4,27,0.35,12776,77
971,Missouri,0.75,D4,25,0.32,15239,77
972,Missouri,0.8,D4,25,0.32,17774,77
973,Missouri,0.85,D4,25,0.32,20504,77
974,Missouri,0.9,D4,22,0.29,23389,77
975,Nevada,0.7,D0,40356,0.54,40989,74077
976,Nevada,0.75,D0,37846,0.51,44188,74077
977,Nevada,0.8,D0,35461,0.48,47321,74077
978,Nevada,0.85,D0,33165,0.45,50319,74077
979,Nevada,0.9,D0,30960,0.42,53188,74077
980,Nevada,0.7,D1,29243,0.54,40989,54315
981,Nevada,0.75,D1,27297,0.5,44188,54315
982,Nevada,0.8,D1,25499,0.47,47321,54315
983,Nevada,0.85,D1,23731,0.44,50319,54315
984,Nevada,0.9,D1,22041,0.41,53188,54315
985,Nevada,0.7,D2,19502,0.56,40989,35088
986,Nevada,0.75,D2,18258,0.52,44188,35088
987,Nevada,0.8,D2,17113,0.49,47321,35088
988,Nevada,0.85,D2,16000,0.46,50319,35088
989,Nevada,0.9,D2,14904,0.42,53188,35088
990,Nevada,0.7,D3,7910,0.57,40989,13767
991,Nevada,0.75,D3,7422,0.54,44188,13767
992,Nevada,0.8,D3,6976,0.51,47321,13767
993,Nevada,0.85,D3,6564,0.48,50319,13767
994,Nevada,0.9,D3,6163,0.45,53188,13767
995,Nevada,0.7,D4,1046,0.67,40989,1563
996,Nevada,0.75,D4,986,0.63,44188,1563
997,Nevada,0.8,D4,940,0.6,47321,1563
998,Nevada,0.85,D4,883,0.56,50319,1563
999,Nevada,0.9,D4,840,0.54,53188,1563
1000,New Jersey,0.7,D0,1579,0.64,1193,2471
1001,New Jersey,0.75,D0,1434,0.58,1474,2471
1002,New Jersey,0.8,D0,1291,0.52,1823,2471
1003,New Jersey,0.85,D0,1154,0.47,2203,2471
1004,New Jersey,0.9,D0,1007,0.41,2605,2471
1005,New Jersey,0.7,D1,450,0.65,1193,691
1006,New Jersey,0.75,D1,416,0.6,1474,691
1007,New Jersey,0.8,D1,380,0.55,1823,691
1008,New Jersey,0.85,D1,342,0.49,2203,691
1009,New Jersey,0.9,D1,301,0.44,2605,691
1010,New Jersey,0.7,D2,172,0.72,1193,238
1011,New Jersey,0.75,D2,154,0.65,1474,238
1012,New Jersey,0.8,D2,137,0.58,1823,238
1013,New Jersey,0.85,D2,120,0.5,2203,238
1014,New Jersey,0.9,D2,108,0.45,2605,238
1015,New Jersey,0.7,D3,55,0.74,1193,74
1016,New Jersey,0.75,D3,45,0.61,1474,74
1017,New Jersey,0.8,D3,40,0.54,1823,74
1018,New Jersey,0.85,D3,36,0.49,2203,74
1019,New Jersey,0.9,D3,28,0.38,2605,74
1020,New Jersey,0.7,D4,,,1193,
1021,New Jersey,0.75,D4,,,1474,
1022,New Jersey,0.8,D4,,,1823,
1023,New Jersey,0.85,D4,,,2203,
1024,New Jersey,0.9,D4,,,2605,
1025,New York,0.7,D0,10824,0.75,5970,14484
1026,New York,0.75,D0,9923,0.69,8266,14484
1027,New York,0.8,D0,8956,0.62,10733,14484
1028,New York,0.85,D0,7938,0.55,13389,14484
1029,New York,0.9,D0,7021,0.48,16019,14484
1030,New York,0.7,D1,1751,0.81,5970,2151
1031,New York,0.75,D1,1629,0.76,8266,2151
1032,New York,0.8,D1,1479,0.69,10733,2151
1033,New York,0.85,D1,1289,0.6,13389,2151
1034,New York,0.9,D1,1109,0.52,16019,2151
1035,New York,0.7,D2,382,0.84,5970,456
1036,New York,0.75,D2,360,0.79,8266,456
1037,New York,0.8,D2,330,0.72,10733,456
1038,New York,0.85,D2,282,0.62,13389,456
1039,New York,0.9,D2,240,0.53,16019,456
1040,New York,0.7,D3,28,0.93,5970,30
1041,New York,0.75,D3,26,0.87,8266,30
1042,New York,0.8,D3,26,0.87,10733,30
1043,New York,0.85,D3,25,0.83,13389,30
1044,New York,0.9,D3,22,0.73,16019,30
1045,New York,0.7,D4,,,5970,
1046,New York,0.75,D4,,,8266,
1047,New York,0.8,D4,,,10733,
1048,New York,0.85,D4,,,13389,
1049,New York,0.9,D4,,,16019,
1050,North Dakota,0.7,D0,21303,0.57,19788,37631
1051,North Dakota,0.75,D0,19758,0.53,22238,37631
1052,North Dakota,0.8,D0,18196,0.48,24824,37631
1053,North Dakota,0.85,D0,16677,0.44,27427,37631
1054,North Dakota,0.9,D0,15366,0.41,29868,37631
1055,North Dakota,0.7,D1,6195,0.51,19788,12059
1056,North Dakota,0.75,D1,5752,0.48,22238,12059
1057,North Dakota,0.8,D1,5316,0.44,24824,12059
1058,North Dakota,0.85,D1,4833,0.4,27427,12059
1059,North Dakota,0.9,D1,4450,0.37,29868,12059
1060,North Dakota,0.7,D2,1976,0.46,19788,4311
1061,North Dakota,0.75,D2,1797,0.42,22238,4311
1062,North Dakota,0.8,D2,1635,0.38,24824,4311
1063,North Dakota,0.85,D2,1457,0.34,27427,4311
1064,North Dakota,0.9,D2,1325,0.31,29868,4311
1065,North Dakota,0.7,D3,332,0.37,19788,893
1066,North Dakota,0.75,D3,301,0.34,22238,893
1067,North Dakota,0.8,D3,261,0.29,24824,893
1068,North Dakota,0.85,D3,208,0.23,27427,893
1069,North Dakota,0.9,D3,174,0.19,29868,893
1070,North Dakota,0.7,D4,,,19788,23
1071,North Dakota,0.75,D4,,,22238,23
1072,North Dakota,0.8,D4,,,24824,23
1073,North Dakota,0.85,D4,,,27427,23
1074,North Dakota,0.9,D4,,,29868,23
1075,Ohio,0.7,D0,8592,0.71,5635,12178
1076,Ohio,0.75,D0,7758,0.64,7584,12178
1077,Ohio,0.8,D0,6959,0.57,9627,12178
1078,Ohio,0.85,D0,6185,0.51,11780,12178
1079,Ohio,0.9,D0,5442,0.45,13940,12178
1080,Ohio,0.7,D1,1572,0.71,5635,2208
1081,Ohio,0.75,D1,1421,0.64,7584,2208
1082,Ohio,0.8,D1,1260,0.57,9627,2208
1083,Ohio,0.85,D1,1127,0.51,11780,2208
1084,Ohio,0.9,D1,1006,0.46,13940,2208
1085,Ohio,0.7,D2,289,0.82,5635,352
1086,Ohio,0.75,D2,266,0.76,7584,352
1087,Ohio,0.8,D2,240,0.68,9627,352
1088,Ohio,0.85,D2,210,0.6,11780,352
1089,Ohio,0.9,D2,185,0.53,13940,352
1090,Ohio,0.7,D3,25,0.71,5635,35
1091,Ohio,0.75,D3,25,0.71,7584,35
1092,Ohio,0.8,D3,23,0.66,9627,35
1093,Ohio,0.85,D3,22,0.63,11780,35
1094,Ohio,0.9,D3,21,0.6,13940,35
1095,Ohio,0.7,D4,,,5635,
1096,Ohio,0.75,D4,,,7584,
1097,Ohio,0.8,D4,,,9627,
1098,Ohio,0.85,D4,,,11780,
1099,Ohio,0.9,D4,,,13940,
1100,Rhode Island,0.7,D0,212,0.65,158,326
1101,Rhode Island,0.75,D0,198,0.61,186,326
1102,Rhode Island,0.8,D0,179,0.55,233,326
1103,Rhode Island,0.85,D0,168,0.52,271,326
1104,Rhode Island,0.9,D0,153,0.47,308,326
1105,Rhode Island,0.7,D1,68,0.62,158,110
1106,Rhode Island,0.75,D1,62,0.56,186,110
1107,Rhode Island,0.8,D1,60,0.55,233,110
1108,Rhode Island,0.85,D1,54,0.49,271,110
1109,Rhode Island,0.9,D1,48,0.44,308,110
1110,Rhode Island,0.7,D2,16,0.8,158,20
1111,Rhode Island,0.75,D2,14,0.7,186,20
1112,Rhode Island,0.8,D2,13,0.65,233,20
1113,Rhode Island,0.85,D2,10,0.5,271,20
1114,Rhode Island,0.9,D2,9,0.45,308,20
1115,Rhode Island,0.7,D3,,,158,
1116,Rhode Island,0.75,D3,,,186,
1117,Rhode Island,0.8,D3,,,233,
1118,Rhode Island,0.85,D3,,,271,
1119,Rhode Island,0.9,D3,,,308,
1120,Rhode Island,0.7,D4,,,158,
1121,Rhode Island,0.75,D4,,,186,
1122,Rhode Island,0.8,D4,,,233,
1123,Rhode Island,0.85,D4,,,271,
1124,Rhode Island,0.9,D4,,,308,
1125,Tennessee,0.7,D0,11104,0.65,7587,17203
1126,Tennessee,0.75,D0,10001,0.58,9486,17203
1127,Tennessee,0.8,D0,8798,0.51,11587,17203
1128,Tennessee,0.85,D0,7671,0.45,13594,17203
1129,Tennessee,0.9,D0,6610,0.38,15603,17203
1130,Tennessee,0.7,D1,3725,0.59,7587,6300
1131,Tennessee,0.75,D1,3267,0.52,9486,6300
1132,Tennessee,0.8,D1,2798,0.44,11587,6300
1133,Tennessee,0.85,D1,2381,0.38,13594,6300
1134,Tennessee,0.9,D1,1980,0.31,15603,6300
1135,Tennessee,0.7,D2,1727,0.58,7587,2959
1136,Tennessee,0.75,D2,1530,0.52,9486,2959
1137,Tennessee,0.8,D2,1307,0.44,11587,2959
1138,Tennessee,0.85,D2,1095,0.37,13594,2959
1139,Tennessee,0.9,D2,893,0.3,15603,2959
1140,Tennessee,0.7,D3,584,0.48,7587,1213
1141,Tennessee,0.75,D3,494,0.41,9486,1213
1142,Tennessee,0.8,D3,408,0.34,11587,1213
1143,Tennessee,0.85,D3,334,0.28,13594,1213
1144,Tennessee,0.9,D3,268,0.22,15603,1213
1145,Tennessee,0.7,D4,165,0.44,7587,378
1146,Tennessee,0.75,D4,147,0.39,9486,378
1147,Tennessee,0.8,D4,116,0.31,11587,378
1148,Tennessee,0.85,D4,99,0.26,13594,378
1149,Tennessee,0.9,D4,76,0.2,15603,378
1150,Texas,0.7,D0,80859,0.55,70395,145721
1151,Texas,0.75,D0,75728,0.52,77231,145721
1152,Texas,0.8,D0,70557,0.48,84225,145721
1153,Texas,0.85,D0,65682,0.45,90991,145721
1154,Texas,0.9,D0,60964,0.42,97786,145721
1155,Texas,0.7,D1,41865,0.52,70395,80110
1156,Texas,0.75,D1,39034,0.49,77231,80110
1157,Texas,0.8,D1,36161,0.45,84225,80110
1158,Texas,0.85,D1,33410,0.42,90991,80110
1159,Texas,0.9,D1,30704,0.38,97786,80110
1160,Texas,0.7,D2,23688,0.49,70395,48293
1161,Texas,0.75,D2,22025,0.46,77231,48293
1162,Texas,0.8,D2,20255,0.42,84225,48293
1163,Texas,0.85,D2,18544,0.38,90991,48293
1164,Texas,0.9,D2,16947,0.35,97786,48293
1165,Texas,0.7,D3,10522,0.45,70395,23520
1166,Texas,0.75,D3,9774,0.42,77231,23520
1167,Texas,0.8,D3,8985,0.38,84225,23520
1168,Texas,0.85,D3,8279,0.35,90991,23520
1169,Texas,0.9,D3,7598,0.32,97786,23520
1170,Texas,0.7,D4,3291,0.35,70395,9467
1171,Texas,0.75,D4,3012,0.32,77231,9467
1172,Texas,0.8,D4,2741,0.29,84225,9467
1173,Texas,0.85,D4,2473,0.26,90991,9467
1174,Texas,0.9,D4,2225,0.24,97786,9467
1175,Virginia,0.7,D0,12862,0.66,7403,19388
1176,Virginia,0.75,D0,11778,0.61,9126,19388
1177,Virginia,0.8,D0,10684,0.55,10954,19388
1178,Virginia,0.85,D0,9559,0.49,12924,19388
1179,Virginia,0.9,D0,8428,0.43,15005,19388
1180,Virginia,0.7,D1,3729,0.63,7403,5890
1181,Virginia,0.75,D1,3366,0.57,9126,5890
1182,Virginia,0.8,D1,3017,0.51,10954,5890
1183,Virginia,0.85,D1,2647,0.45,12924,5890
1184,Virginia,0.9,D1,2290,0.39,15005,5890
1185,Virginia,0.7,D2,1409,0.67,7403,2099
1186,Virginia,0.75,D2,1222,0.58,9126,2099
1187,Virginia,0.8,D2,1077,0.51,10954,2099
1188,Virginia,0.85,D2,923,0.44,12924,2099
1189,Virginia,0.9,D2,756,0.36,15005,2099
1190,Virginia,0.7,D3,379,0.72,7403,526
1191,Virginia,0.75,D3,328,0.62,9126,526
1192,Virginia,0.8,D3,284,0.54,10954,526
1193,Virginia,0.85,D3,231,0.44,12924,526
1194,Virginia,0.9,D3,192,0.37,15005,526
1195,Virginia,0.7,D4,39,0.5,7403,78
1196,Virginia,0.75,D4,29,0.37,9126,78
1197,Virginia,0.8,D4,24,0.31,10954,78
1198,Virginia,0.85,D4,18,0.23,12924,78
1199,Virginia,0.9,D4,16,0.21,15005,78
1200,Washington,0.7,D0,19824,0.59,22149,33537
1201,Washington,0.75,D0,18438,0.55,25143,33537
1202,Washington,0.8,D0,17012,0.51,28187,33537
1203,Washington,0.85,D0,15691,0.47,31143,33537
1204,Washington,0.9,D0,14285,0.43,34147,33537
1205,Washington,0.7,D1,8120,0.61,22149,13260
1206,Washington,0.75,D1,7570,0.57,25143,13260
1207,Washington,0.8,D1,7008,0.53,28187,13260
1208,Washington,0.85,D1,6453,0.49,31143,13260
1209,Washington,0.9,D1,5870,0.44,34147,13260
1210,Washington,0.7,D2,3752,0.62,22149,6048
1211,Washington,0.75,D2,3488,0.58,25143,6048
1212,Washington,0.8,D2,3253,0.54,28187,6048
1213,Washington,0.85,D2,3001,0.5,31143,6048
1214,Washington,0.9,D2,2748,0.45,34147,6048
1215,Washington,0.7,D3,532,0.54,22149,990
1216,Washington,0.75,D3,481,0.49,25143,990
1217,Washington,0.8,D3,438,0.44,28187,990
1218,Washington,0.85,D3,402,0.41,31143,990
1219,Washington,0.9,D3,368,0.37,34147,990
1220,Washington,0.7,D4,,,22149,
1221,Washington,0.75,D4,,,25143,
1222,Washington,0.8,D4,,,28187,
1223,Washington,0.85,D4,,,31143,
1224,Washington,0.9,D4,,,34147,
